Checklist_Item,Checklist,Documento,Orden
1,1,1,1
2,1,3,2
3,1,5,3
4,1,6,4
5,1,7,5
6,1,8,6
7,1,10,7
8,1,11,8
9,1,12,9
10,1,13,10
11,1,14,11
12,2,1,1
13,2,2,2
14,2,3,3
15,2,5,4
16,2,6,5
17,2,7,6
18,2,8,7
19,2,10,8
20,2,11,9
21,2,12,10
22,2,13,11
23,2,14,12
24,3,1,1
25,3,3,2
26,3,5,3
27,3,6,4
28,3,7,5
29,3,8,6
30,3,9,7
31,3,10,8
32,3,11,9
33,3,12,10
34,3,13,11
35,3,14,12
36,4,1,1
37,4,2,2
38,4,3,3
39,4,5,4
40,4,6,5
41,4,7,6
42,4,8,7
43,4,9,8
44,4,10,9
45,4,11,10
46,4,12,11
47,4,13,12
48,4,14,13
49,5,1,1
50,5,3,2
51,5,5,3
52,5,6,4
53,5,7,5
54,5,8,6
55,5,10,7
56,5,11,8
57,5,12,9
58,5,13,10
59,5,14,11
60,5,15,12
61,6,1,1
62,6,2,2
63,6,3,3
64,6,5,4
65,6,6,5
66,6,7,6
67,6,8,7
68,6,10,8
69,6,11,9
70,6,12,10
71,6,13,11
72,6,14,12
73,6,15,13
74,7,1,1
75,7,3,2
76,7,5,3
77,7,6,4
78,7,7,5
79,7,8,6
80,7,9,7
81,7,10,8
82,7,11,9
83,7,12,10
84,7,13,11
85,7,14,12
86,7,15,13
87,8,1,1
88,8,2,2
89,8,3,3
90,8,5,4
91,8,6,5
92,8,7,6
93,8,8,7
94,8,9,8
95,8,10,9
96,8,11,10
97,8,12,11
98,8,13,12
99,8,14,13
100,8,15,14
101,9,1,1
102,9,3,2
103,9,4,3
104,9,5,4
105,9,7,5
106,9,8,6
107,9,10,7
108,9,11,8
109,9,12,9
110,9,13,10
111,9,14,11
112,10,1,1
113,10,2,2
114,10,3,3
115,10,4,4
116,10,5,5
117,10,7,6
118,10,8,7
119,10,10,8
120,10,11,9
121,10,12,10
122,10,13,11
123,10,14,12
124,11,1,1
125,11,3,2
126,11,4,3
127,11,5,4
128,11,7,5
129,11,8,6
130,11,9,7
131,11,10,8
132,11,11,9
133,11,12,10
134,11,13,11
135,11,14,12
136,12,1,1
137,12,2,2
138,12,3,3
139,12,4,4
140,12,5,5
141,12,7,6
142,12,8,7
143,12,9,8
144,12,10,9
145,12,11,10
146,12,12,11
147,12,13,12
148,12,14,13
149,13,1,1
150,13,3,2
151,13,4,3
152,13,5,4
153,13,7,5
154,13,8,6
155,13,10,7
156,13,11,8
157,13,12,9
158,13,13,10
159,13,14,11
160,13,15,12
161,14,1,1
162,14,2,2
163,14,3,3
164,14,4,4
165,14,5,5
166,14,7,6
167,14,8,7
168,14,10,8
169,14,11,9
170,14,12,10
171,14,13,11
172,14,14,12
173,14,15,13
174,15,1,1
175,15,3,2
176,15,4,3
177,15,5,4
178,15,7,5
179,15,8,6
180,15,9,7
181,15,10,8
182,15,11,9
183,15,12,10
184,15,13,11
185,15,14,12
186,15,15,13
187,16,1,1
188,16,2,2
189,16,3,3
190,16,4,4
191,16,5,5
192,16,7,6
193,16,8,7
194,16,9,8
195,16,10,9
196,16,11,10
197,16,12,11
198,16,13,12
199,16,14,13
200,16,15,14
201,17,1,1
202,17,3,2
203,17,6,3
204,17,7,4
205,17,10,5
206,17,11,6
207,17,12,7
208,17,13,8
209,17,14,9
210,18,1,1
211,18,2,2
212,18,3,3
213,18,6,4
214,18,7,5
215,18,10,6
216,18,11,7
217,18,12,8
218,18,13,9
219,18,14,10
220,19,1,1
221,19,3,2
222,19,6,3
223,19,7,4
224,19,9,5
225,19,10,6
226,19,11,7
227,19,12,8
228,19,13,9
229,19,14,10
230,20,1,1
231,20,2,2
232,20,3,3
233,20,6,4
234,20,7,5
235,20,9,6
236,20,10,7
237,20,11,8
238,20,12,9
239,20,13,10
240,20,14,11
241,21,1,1
242,21,3,2
243,21,6,3
244,21,7,4
245,21,10,5
246,21,11,6
247,21,12,7
248,21,13,8
249,21,14,9
250,21,15,10
251,22,1,1
252,22,2,2
253,22,3,3
254,22,6,4
255,22,7,5
256,22,10,6
257,22,11,7
258,22,12,8
259,22,13,9
260,22,14,10
261,22,15,11
262,23,1,1
263,23,3,2
264,23,6,3
265,23,7,4
266,23,9,5
267,23,10,6
268,23,11,7
269,23,12,8
270,23,13,9
271,23,14,10
272,23,15,11
273,24,1,1
274,24,2,2
275,24,3,3
276,24,6,4
277,24,7,5
278,24,9,6
279,24,10,7
280,24,11,8
281,24,12,9
282,24,13,10
283,24,14,11
284,24,15,12
285,25,1,1
286,25,3,2
287,25,4,3
288,25,7,4
289,25,10,5
290,25,11,6
291,25,12,7
292,25,13,8
293,25,14,9
294,26,1,1
295,26,2,2
296,26,3,3
297,26,4,4
298,26,7,5
299,26,10,6
300,26,11,7
301,26,12,8
302,26,13,9
303,26,14,10
304,27,1,1
305,27,3,2
306,27,4,3
307,27,7,4
308,27,9,5
309,27,10,6
310,27,11,7
311,27,12,8
312,27,13,9
313,27,14,10
314,28,1,1
315,28,2,2
316,28,3,3
317,28,4,4
318,28,7,5
319,28,9,6
320,28,10,7
321,28,11,8
322,28,12,9
323,28,13,10
324,28,14,11
325,29,1,1
326,29,3,2
327,29,4,3
328,29,7,4
329,29,10,5
330,29,11,6
331,29,12,7
332,29,13,8
333,29,14,9
334,29,15,10
335,30,1,1
336,30,2,2
337,30,3,3
338,30,4,4
339,30,7,5
340,30,10,6
341,30,11,7
342,30,12,8
343,30,13,9
344,30,14,10
345,30,15,11
346,31,1,1
347,31,3,2
348,31,4,3
349,31,7,4
350,31,9,5
351,31,10,6
352,31,11,7
353,31,12,8
354,31,13,9
355,31,14,10
356,31,15,11
357,32,1,1
358,32,2,2
359,32,3,3
360,32,4,4
361,32,7,5
362,32,9,6
363,32,10,7
364,32,11,8
365,32,12,9
366,32,13,10
367,32,14,11
368,32,15,12